,precision,recall,f1-score,support
Basal,1.0,0.9333333333333333,0.9655172413793104,15.0
Her2,0.8,0.7272727272727273,0.7619047619047619,11.0
LumA,0.8888888888888888,0.8888888888888888,0.8888888888888888,18.0
LumB,0.7777777777777778,0.84,0.8076923076923077,25.0
accuracy,0.855072463768116,0.855072463768116,0.855072463768116,0.855072463768116
macro avg,0.8666666666666667,0.8473737373737373,0.8560007999663173,69.0
weighted avg,0.8586151368760063,0.855072463768116,0.8558843288978222,69.0
